statement ok
create source s1 (v1 int, v2 varchar) with (
  connector = 'kafka',
  topic = 'kafka_1_partition_topic',
  properties.bootstrap.server = '127.0.0.1:29092',
  scan.startup.mode = 'earliest'
) row format json

statement ok
create source s2 (v1 int, v2 varchar) with (
  connector = 'kafka',
  topic = 'kafka_2_partition_topic',
  properties.bootstrap.server = '127.0.0.1:29092',
  scan.startup.mode = 'earliest'
) row format json

statement ok
create source s3 (v1 int, v2 varchar) with (
  connector = 'kafka',
  topic = 'kafka_3_partition_topic',
  properties.bootstrap.server = '127.0.0.1:29092',
  scan.startup.mode = 'earliest'
) row format json

statement ok
create source s4 (v1 int, v2 varchar) with (
  connector = 'kafka',
  topic = 'kafka_4_partition_topic',
  properties.bootstrap.server = '127.0.0.1:29092',
  scan.startup.mode = 'earliest'
) row format json

statement ok
create materialized source s5 (v1 int, v2 varchar) with (
  connector = 'kafka',
  topic = 'kafka_4_partition_topic_with_100_message',
  properties.bootstrap.server = '127.0.0.1:29092',
  scan.startup.mode = 'earliest'
) row format json

statement ok
create source s6 (v1 int, v2 varchar) with (
  connector = 'kafka',
  topic = 'kafka_1_partition_mv_topic',
  properties.bootstrap.server = '127.0.0.1:29092',
  scan.startup.mode = 'earliest'
) row format json

statement ok
CREATE SOURCE s7(
    id int,
    code string, 
    timestamp bigint, 
    xfas struct<device_model_id int, device_make_id int, ip string>[],
    contacts struct<emails string[], phones string[]>)
WITH (
    connector = 'kafka',
    topic = 'json_c',
    properties.bootstrap.server = '127.0.0.1:29092',
    scan.startup.mode = 'earliest')
ROW format JSON;

statement ok
create materialized source s8 (v1 int, v2 varchar) with (
  connector = 'kafka',
  topic = 'kafka_4_partition_topic_with_100_message',
  properties.bootstrap.server = '127.0.0.1:29092',
  scan.startup.mode = 'latest'
) row format json

query IT rowsort
select * from s1
----
1 1
2 22
3 333
4 4444

query IT rowsort
select * from s1 limit 2
----
1 1
2 22

statement ok
drop source s1

query IT rowsort
select * from s2
----
1 1
2 22
3 333
4 4444

statement ok
drop source s2

query IT rowsort
select * from s3
----
1 1
2 22
3 333
4 4444

statement ok
drop source s3

query IT rowsort
select * from s4
----
1 1
2 22
3 333
4 4444

statement ok
drop source s4

query I
select count(*) from s5
----
100

statement ok
drop source s5

query I
select count(*) from s6
----
20

statement ok
drop source s6

query ITITT
select id, code, timestamp, xfas, contacts from s7;
----
100 abc 1473305798 {"(0,200,10.0.0.1)","(1,400,10.0.0.2)"} ({1xxx,2xxx},{1xxx,2xxx})

statement ok
drop source s7

query I
select count(*) from s8
----
0

statement ok
drop source s8
